{"graph": {"_type": "graph-file", "sha256": "79ff6d74eaebaf95f13e6f9069e51072dafcf25c397fd286da9e1eb3a25cbb50", "size": 715, "path": "media/graph/graph_summary_79ff6d74eaebaf95f13e.graph.json"}, "epoch": 10, "_timestamp": 1676385054.5302157, "loss": 0.012450755573809147, "accuracy": 0.9958333373069763, "_runtime": 20.592606782913208, "_step": 10, "_wandb": {"runtime": 20}}